City_ID,City,Country,Lat,Lng,Max Temp,Humidity,Cloudiness,Wind Speed,Current Description
0,Salym,RU,60.0625,71.4789,4.35,96,76,6.98,broken clouds
1,Kahama,TZ,-3.8333,32.6,71.38,63,41,4.47,scattered clouds
2,Rikitea,PF,-23.1203,-134.9692,76.6,77,18,14.92,few clouds
3,Talnakh,RU,69.4865,88.3972,11.43,95,100,7.83,overcast clouds
4,Kodiak,US,57.79,-152.4072,20.71,63,90,12.66,overcast clouds
5,New Norfolk,AU,-42.7826,147.0587,56.66,63,10,1.99,clear sky
6,Ushuaia,AR,-54.8,-68.3,49.66,57,40,26.46,scattered clouds
7,Mutata,CO,7.2441,-76.4356,78.6,90,100,0.43,overcast clouds
8,Vestmannaeyjar,IS,63.4427,-20.2734,33.57,63,100,11.39,overcast clouds
9,Mataura,NZ,-46.1927,168.8643,55.99,61,100,2.57,overcast clouds
10,Bathsheba,BB,13.2167,-59.5167,81.59,78,80,10.85,broken clouds
11,Bandundu,CD,-3.3167,17.3667,72.0,98,100,4.12,light rain
12,Zaysan,KZ,47.4667,84.8667,28.81,77,76,3.02,broken clouds
13,Puerto Ayora,EC,-0.7393,-90.3518,71.89,70,65,10.98,broken clouds
14,Arraial Do Cabo,BR,-22.9661,-42.0278,74.34,82,0,11.27,clear sky
15,Hornepayne,CA,49.2138,-84.7705,36.54,91,100,1.54,overcast clouds
16,Georgetown,MY,5.4112,100.3354,76.95,96,40,2.3,scattered clouds
17,Dikson,RU,73.5069,80.5464,8.28,88,100,9.64,overcast clouds
18,Bluff,NZ,-46.6,168.3333,53.55,74,100,7.7,overcast clouds
19,Cayenne,GF,4.9333,-52.3333,84.09,81,40,3.0,scattered clouds
20,Zhicheng,CN,30.2956,111.5047,51.93,68,0,3.15,clear sky
21,Tasiilaq,GL,65.6145,-37.6368,26.76,89,100,5.55,overcast clouds
22,San Felipe,VE,10.3399,-68.7425,78.96,84,98,5.08,overcast clouds
23,Kandrian,PG,-6.2167,149.55,76.98,88,100,4.74,overcast clouds
24,Gladstone,AU,-23.85,151.25,78.73,83,75,6.91,light rain
25,Catuday,PH,16.2923,119.8062,78.66,74,75,9.37,broken clouds
26,Tiksi,RU,71.6872,128.8694,-9.6,93,100,5.84,overcast clouds
27,Yulara,AU,-25.2406,130.9889,60.19,74,0,12.71,clear sky
28,Avarua,CK,-21.2078,-159.775,78.85,69,90,9.22,overcast clouds
29,Muros,ES,42.7762,-9.0603,54.84,78,58,11.99,broken clouds
30,Busselton,AU,-33.65,115.3333,59.09,79,48,11.79,scattered clouds
31,Ostrovnoy,RU,68.0531,39.5131,28.6,49,99,22.84,overcast clouds
32,Khatanga,RU,71.9667,102.5,-11.07,96,32,4.83,scattered clouds
33,Sao Lourenco Do Sul,BR,-31.3653,-51.9783,78.85,48,0,11.43,clear sky
34,Castro,BR,-24.7911,-50.0119,81.18,48,43,5.39,scattered clouds
35,Kapaa,US,22.0752,-159.319,79.2,70,2,1.99,clear sky
36,Samana,DO,19.2056,-69.3369,88.02,70,40,4.61,scattered clouds
37,Flinders,AU,-34.5833,150.8552,70.21,93,100,1.01,moderate rain
38,Khorramshahr,IR,30.4397,48.1664,53.55,33,51,9.55,broken clouds
39,Asau,RO,46.4333,26.4,32.76,85,6,3.42,clear sky
40,Barrow,US,71.2906,-156.7887,-7.58,77,75,9.22,broken clouds
41,Ponta Do Sol,PT,32.6667,-17.1,65.03,63,76,8.77,broken clouds
42,Haines Junction,CA,60.7522,-137.5108,6.84,94,100,1.97,light snow
43,Bambous Virieux,MU,-20.3428,57.7575,76.21,76,22,9.35,few clouds
44,Narsaq,GL,60.9167,-46.05,32.22,99,100,6.69,heavy snow
45,Quito,EC,-0.2299,-78.5249,60.4,81,100,3.69,light rain
46,Cidreira,BR,-30.1811,-50.2056,69.78,64,0,15.99,clear sky
47,Carnarvon,AU,-24.8667,113.6333,62.67,82,0,6.91,clear sky
48,Vaini,TO,-21.2,-175.2,84.36,79,20,4.61,few clouds
49,Marystown,CA,47.1666,-55.1483,52.86,100,100,13.0,overcast clouds
50,Waddan,LY,29.1614,16.139,72.21,33,100,4.03,overcast clouds
51,Altagracia De Orituco,VE,9.8601,-66.3814,84.16,66,60,3.83,broken clouds
52,Saldanha,ZA,-33.0117,17.9442,64.06,68,0,18.21,clear sky
53,Tigil,RU,57.8,158.6667,6.46,90,8,4.0,clear sky
54,Jamestown,US,42.097,-79.2353,45.99,54,1,5.01,clear sky
55,Eresos,GR,39.1667,25.9333,54.91,73,38,19.39,scattered clouds
56,Albany,US,42.6001,-73.9662,42.67,50,0,4.92,clear sky
57,Zvishavane,ZW,-20.3267,30.0665,66.2,79,100,7.9,overcast clouds
58,Lavrentiya,RU,65.5833,-171.0,-4.7,91,29,8.12,scattered clouds
59,Fortuna,US,40.5982,-124.1573,58.93,64,1,1.99,clear sky
60,Merritt Island,US,28.5392,-80.672,71.98,56,90,11.5,overcast clouds
61,Cape Town,ZA,-33.9258,18.4232,66.34,45,0,16.08,clear sky
62,Cabo San Lucas,MX,22.8909,-109.9124,84.61,50,1,9.22,clear sky
63,Hobart,AU,-42.8794,147.3294,57.02,84,20,0.0,few clouds
64,Palmer,US,42.1584,-72.3287,44.69,24,20,1.99,few clouds
65,Thompson,CA,55.7435,-97.8558,5.7,81,80,10.74,broken clouds
66,Tursunzoda,TJ,38.5144,68.2333,47.28,46,1,5.77,clear sky
67,Nikolskoye,RU,59.7035,30.7861,33.87,78,99,4.83,overcast clouds
68,Manta,EC,-0.95,-80.7333,83.98,65,20,13.8,few clouds
69,Shingu,JP,33.7333,135.9833,46.27,77,5,6.13,clear sky
70,Zaraza,VE,9.3503,-65.3245,86.36,60,100,2.91,overcast clouds
71,Aklavik,CA,68.2191,-135.0107,-24.52,100,99,3.71,overcast clouds
72,Sawtell,AU,-30.3833,153.1,73.42,89,75,12.66,light rain
73,Novyy Urengoy,RU,66.0833,76.6333,-2.4,98,98,8.48,overcast clouds
74,Soyo,AO,-6.1349,12.3689,78.49,81,100,8.03,overcast clouds
75,Lebu,CL,-37.6167,-73.65,61.0,73,26,9.62,scattered clouds
76,Corn Island,NI,12.1694,-83.0418,81.27,72,60,14.29,broken clouds
77,Mecca,SA,21.4267,39.8261,75.81,66,0,4.59,clear sky
78,Lerwick,GB,60.1545,-1.1494,44.6,71,91,31.41,overcast clouds
79,Coquimbo,CL,-29.9533,-71.3436,65.93,55,0,17.27,clear sky
80,Ribeira Grande,PT,38.5167,-28.7,66.6,77,75,23.02,broken clouds
81,Saint-Philippe,RE,-21.3585,55.7679,76.59,80,12,9.44,few clouds
82,Fuengirola,ES,36.54,-4.6247,56.84,63,20,2.3,few clouds
83,Bantogon,PH,6.5333,124.0333,78.96,80,100,3.51,overcast clouds
84,San Cristobal,VE,7.7669,-72.225,75.38,87,67,2.91,broken clouds
85,Denpasar,ID,-8.65,115.2167,80.26,88,40,4.61,scattered clouds
86,Pinheiro Machado,BR,-31.5783,-53.3811,80.06,38,0,7.18,clear sky
87,Guerrero Negro,MX,27.9769,-114.0611,70.27,60,80,12.26,broken clouds
88,Upernavik,GL,72.7868,-56.1549,29.23,83,100,33.89,light snow
89,Labuhan,ID,-6.8844,112.2051,79.27,83,100,6.78,moderate rain
90,Iqaluit,CA,63.7506,-68.5145,25.7,73,100,18.01,overcast clouds
91,Punta Arenas,CL,-53.15,-70.9167,57.31,33,20,17.27,few clouds
92,Bethel,US,41.3712,-73.414,44.71,44,1,1.99,clear sky
93,Komsomolskiy,UZ,40.4272,71.7189,42.22,42,1,0.49,clear sky
94,Aswan,EG,24.0934,32.907,70.18,28,78,8.68,broken clouds
95,Longyearbyen,SJ,78.2186,15.6401,-0.56,71,20,10.36,few clouds
96,Hermanus,ZA,-34.4187,19.2345,60.8,74,0,20.58,clear sky
97,Alofi,NU,-19.0595,-169.9187,82.29,74,40,4.61,scattered clouds
98,Mizdah,LY,31.4451,12.9801,61.66,48,100,2.19,overcast clouds
99,Owatonna,US,44.0839,-93.226,47.77,57,1,4.0,clear sky
100,Santa Maria,BR,-29.6842,-53.8069,85.86,30,3,8.5,clear sky
101,Qaanaaq,GL,77.484,-69.3632,-5.17,52,0,8.25,clear sky
102,Tuatapere,NZ,-46.1333,167.6833,56.44,61,100,5.75,overcast clouds
103,Mahebourg,MU,-20.4081,57.7,76.24,76,22,9.37,few clouds
104,Konstantinovka,RU,49.6167,127.9833,15.91,95,100,9.62,light snow
105,Touros,BR,-5.1989,-35.4608,85.1,74,31,15.48,scattered clouds
106,Kavaratti,IN,10.5669,72.642,80.73,79,100,3.98,overcast clouds
107,Torbay,CA,47.6666,-52.7314,49.28,98,90,14.97,mist
108,Sumenep,ID,-7.0167,113.8667,80.13,81,98,2.93,overcast clouds
109,Bulgan,MN,48.8125,103.5347,19.17,70,11,5.48,few clouds
110,San Patricio,US,28.017,-97.5169,84.29,67,100,19.33,overcast clouds
111,Wakkanai,JP,45.4094,141.6739,32.99,66,100,15.75,light snow
112,Angoche,MZ,-16.2325,39.9086,80.78,81,100,6.29,overcast clouds
113,East London,ZA,-33.0153,27.9116,62.58,70,100,6.8,light rain
114,Sao Joao Da Barra,BR,-21.6403,-41.0511,78.89,77,7,12.68,clear sky
115,Bintulu,MY,3.1667,113.0333,76.12,93,100,8.72,overcast clouds
116,Belmonte,BR,-15.8631,-38.8828,79.3,81,28,9.75,scattered clouds
117,Brokopondo,SR,4.75,-55.1667,85.84,61,99,1.63,overcast clouds
118,Tyukhtet,RU,56.5389,89.3011,21.27,94,100,8.77,light snow
119,Cape Coast,GH,5.1053,-1.2466,81.05,85,6,8.75,clear sky
120,Cherskiy,RU,68.75,161.3,-13.54,98,100,4.07,overcast clouds
121,Kouango,CF,4.9934,19.9619,76.39,49,0,3.38,clear sky
122,Port Elizabeth,ZA,-33.918,25.5701,58.1,79,10,7.78,clear sky
123,Pevek,RU,69.7008,170.3133,-20.2,94,100,1.86,overcast clouds
124,Isangel,VU,-19.55,169.2667,73.51,100,90,0.0,light rain
125,Kaitangata,NZ,-46.2817,169.8464,56.55,60,100,3.29,overcast clouds
126,Escanaba,US,45.7453,-87.0646,46.2,72,1,10.36,clear sky
127,Neosho,US,36.869,-94.368,65.26,69,100,5.01,overcast clouds
128,Vila,PT,42.0304,-8.1588,43.93,78,95,5.5,overcast clouds
129,Leningradskiy,RU,69.3833,178.4167,-15.07,95,100,4.29,overcast clouds
130,Carballo,ES,43.213,-8.691,51.49,91,99,9.78,overcast clouds
131,Binga,ZW,-17.6203,27.3414,80.19,52,29,1.99,scattered clouds
132,Severo-Kurilsk,RU,50.6789,156.125,37.8,98,100,17.83,moderate rain
133,Atar,MR,20.5169,-13.0499,86.25,24,100,8.77,overcast clouds
134,Bredasdorp,ZA,-34.5322,20.0403,60.28,69,3,14.9,clear sky
135,Martin,US,27.0837,-80.4164,73.96,66,100,11.5,overcast clouds
136,Te Anau,NZ,-45.4167,167.7167,53.55,72,100,4.45,overcast clouds
137,Chokurdakh,RU,70.6333,147.9167,-16.4,99,98,6.51,overcast clouds
138,Oussouye,SN,12.485,-16.5469,78.75,81,17,6.17,few clouds
139,Kousseri,CM,12.0769,15.0306,83.48,14,2,11.36,clear sky
140,Atuona,PF,-9.8,-139.0333,77.25,80,26,12.08,light rain
141,Camiri,BO,-20.05,-63.5167,81.57,60,100,10.27,overcast clouds
142,Alta Floresta,BR,-9.8756,-56.0861,74.73,96,100,2.57,moderate rain
143,Kruisfontein,ZA,-34.0033,24.7314,55.89,83,4,4.12,clear sky
144,Huarmey,PE,-10.0681,-78.1522,70.81,76,95,10.87,overcast clouds
145,Kosh-Agach,RU,50.0,88.6667,14.11,81,59,1.72,broken clouds
146,Port Alfred,ZA,-33.5906,26.891,62.29,73,89,10.94,light rain
147,Codrington,AU,-38.2667,141.9667,55.94,91,27,8.48,scattered clouds
148,Saskylakh,RU,71.9167,114.0833,-13.67,94,85,9.75,overcast clouds
149,Sao Filipe,CV,14.8961,-24.4956,78.24,73,4,2.33,clear sky
150,Port Lincoln,AU,-34.7333,135.8667,59.49,88,2,20.13,clear sky
151,Lorengau,PG,-2.0226,147.2712,80.96,78,28,3.42,scattered clouds
152,Rabak,SD,13.1809,32.74,79.34,19,0,10.38,clear sky
153,Paranaiba,BR,-19.6772,-51.1908,94.96,31,62,4.5,broken clouds
154,Waiouru,NZ,-39.4833,175.6667,59.16,44,28,2.06,scattered clouds
155,Rumphi,MW,-11.0186,33.8575,75.29,38,12,4.21,few clouds
156,Sorong,ID,-0.8833,131.25,81.14,81,48,5.41,scattered clouds
157,Nanortalik,GL,60.1432,-45.2371,39.34,96,100,15.7,moderate rain
158,Joao Pinheiro,BR,-17.7425,-46.1725,85.35,39,93,9.13,overcast clouds
159,Srednekolymsk,RU,67.45,153.6833,-15.09,99,100,4.63,overcast clouds
160,Ancud,CL,-41.8697,-73.8203,65.43,84,88,12.21,overcast clouds
161,Yellowknife,CA,62.456,-114.3525,0.28,82,90,9.22,light snow
162,Hilo,US,19.7297,-155.09,81.25,68,1,3.44,light rain
163,Tineo,ES,43.3376,-6.4145,46.63,97,100,3.4,overcast clouds
164,Sakakah,SA,29.9697,40.2064,60.91,42,52,10.94,broken clouds
165,Norman Wells,CA,65.282,-126.8329,-17.41,96,99,1.3,overcast clouds
166,Cotonou,BJ,6.3654,2.4183,82.02,79,92,10.94,overcast clouds
167,Pisco,PE,-13.7,-76.2167,71.65,68,0,6.91,clear sky
168,Puerto Escondido,MX,15.85,-97.0667,83.23,69,1,9.22,clear sky
169,Bubaque,GW,11.2833,-15.8333,82.89,77,15,12.48,few clouds
170,Honningsvag,NO,70.9821,25.9704,28.15,69,40,10.36,light snow
171,Faanui,PF,-16.4833,-151.75,80.74,74,9,7.25,clear sky
172,Raga,SS,8.4596,25.678,76.91,24,1,4.7,clear sky
173,Mirnyy,RU,62.5353,113.9611,-11.7,99,100,3.76,overcast clouds
174,Victoria,HK,22.2855,114.1577,67.32,74,1,1.99,clear sky
175,Sualkuchi,IN,26.17,91.5709,62.58,100,40,0.0,mist
176,Gornyy,RU,55.1153,83.9059,21.79,96,100,5.32,light snow
177,Altay,CN,47.8667,88.1167,26.92,78,91,6.49,overcast clouds
178,Butaritari,KI,3.0707,172.7902,82.29,68,93,14.45,overcast clouds
179,Surgut,RU,61.25,73.4167,-3.82,84,0,6.71,clear sky
180,Kahului,US,20.8947,-156.47,83.46,71,20,9.22,few clouds
181,Ilulissat,GL,69.2167,-51.1,30.22,74,75,18.41,light snow
182,Lokosovo,RU,61.1333,74.8167,0.27,97,99,7.74,overcast clouds
183,Riachao Das Neves,BR,-11.7461,-44.91,79.65,66,100,0.34,overcast clouds
184,Caravelas,BR,-17.7125,-39.2481,77.88,75,97,6.64,light rain
185,Ahmadpur,IN,18.7,76.9333,71.76,69,100,6.51,overcast clouds
186,Mar Del Plata,AR,-38.0023,-57.5575,69.87,76,12,3.0,few clouds
187,Bonthe,SL,7.5264,-12.505,79.32,81,78,5.19,moderate rain
188,Halifax,CA,44.6453,-63.5724,33.22,93,90,5.99,light snow
189,Tuktoyaktuk,CA,69.4541,-133.0374,-21.59,97,54,8.25,broken clouds
190,Hovd,MN,48.0056,91.6419,26.73,54,3,9.06,clear sky
191,Okhotsk,RU,59.3833,143.3,7.65,73,51,13.8,broken clouds
192,Ghanzi,BW,-21.5667,21.7833,78.62,15,0,4.47,clear sky
193,Chissamba,AO,-12.1667,17.3333,64.0,91,93,4.23,light rain
194,Tabou,CI,4.423,-7.3528,80.15,83,45,6.69,scattered clouds
195,Khandbari,NP,27.3747,87.2039,55.96,87,63,1.39,broken clouds
196,Nantucket,US,41.2835,-70.0995,43.09,50,0,19.42,clear sky
197,Kabare,CD,-2.4683,28.8242,62.06,88,61,1.63,broken clouds
198,Esperance,AU,-33.8667,121.9,55.96,83,17,1.77,few clouds
199,Sabha,LY,27.0377,14.4283,73.22,26,63,8.21,broken clouds
200,Maumere,ID,-8.6199,122.2111,81.03,74,99,4.34,overcast clouds
201,Camacha,PT,33.0833,-16.3333,62.02,59,40,11.5,scattered clouds
202,Vanimo,PG,-2.6741,141.3028,76.48,87,100,4.5,overcast clouds
203,Fomboni,KM,-12.28,43.7425,81.95,72,9,12.86,clear sky
204,Soke,ML,13.598,-5.9386,85.42,19,14,9.08,few clouds
205,Ust-Maya,RU,60.4167,134.5333,-24.03,99,52,0.85,broken clouds
206,Nautla,MX,20.2167,-96.7833,78.87,71,22,12.84,few clouds
207,Portland,US,45.5234,-122.6762,48.47,91,90,1.01,mist
208,Pandan,PH,14.0453,124.1694,80.01,88,100,13.53,overcast clouds
209,Iskele,TR,39.484,26.9278,55.42,71,40,21.85,scattered clouds
210,Bengkulu,ID,-3.8004,102.2655,74.73,77,88,4.74,overcast clouds
211,Kieta,PG,-6.2167,155.6333,79.43,75,24,3.53,few clouds
212,Bilibino,RU,68.0546,166.4372,-10.01,90,100,1.41,overcast clouds
213,Vardo,NO,70.3705,31.1107,28.38,80,75,13.8,light snow
214,Matay,EG,28.419,30.7792,66.69,48,1,6.2,clear sky
215,Vuktyl,RU,63.8567,57.3094,5.41,97,93,7.45,overcast clouds
216,Lakatoro,VU,-16.0999,167.4164,78.91,76,85,12.44,overcast clouds
217,Macau,MO,22.2006,113.5461,67.06,63,0,8.05,clear sky
218,Manggar,ID,-2.8833,108.2667,77.94,77,100,3.98,overcast clouds
219,Hasaki,JP,35.7333,140.8333,34.2,44,0,5.53,clear sky
220,Baghdad,IQ,33.3406,44.4009,63.79,45,79,5.7,broken clouds
221,Kapoeta,SS,4.7717,33.5903,83.93,33,32,3.44,scattered clouds
222,Sorland,NO,67.667,12.6934,35.46,55,100,28.88,overcast clouds
223,Yar-Sale,RU,66.8333,70.8333,2.37,96,100,3.02,overcast clouds
224,Pauini,BR,-7.7136,-66.9764,83.86,80,100,1.39,overcast clouds
225,Kenai,US,60.5544,-151.2583,14.14,90,90,3.44,light snow
226,Pingliang,CN,35.5392,106.6861,37.17,29,0,3.06,clear sky
227,Conceicao Da Barra,BR,-18.5933,-39.7322,77.85,79,100,6.6,overcast clouds
228,Banda Aceh,ID,5.5577,95.3222,76.71,83,100,4.97,overcast clouds
229,Batesville,US,35.7698,-91.641,65.89,53,40,18.01,scattered clouds
230,Seymchan,RU,62.8833,152.4333,-26.05,98,100,0.65,overcast clouds
231,Airai,TL,-8.9266,125.4092,62.1,92,100,0.54,overcast clouds
232,Khandyga,RU,62.6667,135.6,-23.78,100,98,1.41,overcast clouds
233,Ikom,NG,5.9667,8.7063,78.48,80,23,3.62,few clouds
234,Merauke,ID,-8.4667,140.3333,79.61,79,100,5.66,overcast clouds
235,Lompoc,US,34.6391,-120.4579,74.84,48,0,8.99,clear sky
236,Nisia Floresta,BR,-6.0911,-35.2086,85.01,71,9,12.21,clear sky
237,Patabog,PH,13.4531,122.4561,78.58,89,76,8.03,broken clouds
238,Imbituba,BR,-28.24,-48.6703,76.82,65,0,10.49,clear sky
239,Juneau,US,58.3019,-134.4197,38.21,95,90,25.32,light rain
240,Ixtapa,MX,20.7,-105.2,85.23,61,20,9.22,few clouds
241,Bang Saphan,TH,11.2126,99.5117,76.5,90,86,7.07,overcast clouds
242,Igarka,RU,67.4667,86.5833,8.6,95,100,10.71,overcast clouds
243,Kimparana,ML,12.8347,-4.9244,85.37,17,0,8.52,clear sky
244,Georgiyevskoye,RU,58.731,45.024,21.65,94,100,9.48,light snow
245,Pangnirtung,CA,66.1451,-65.7125,7.92,93,82,6.85,broken clouds
246,Venezuela,VE,8.0,-66.0,94.12,39,37,13.98,scattered clouds
247,Grindavik,IS,63.8424,-22.4338,30.67,80,90,11.5,overcast clouds
248,Klaksvik,FO,62.2266,-6.589,40.12,70,90,44.27,overcast clouds
249,Atambua,ID,-9.1061,124.8925,75.38,84,99,1.5,overcast clouds
250,Tecoanapa,MX,16.5167,-98.75,83.32,70,3,7.49,clear sky
251,Manzhouli,CN,49.6,117.4333,-0.92,76,18,5.44,few clouds
252,Hithadhoo,MV,-0.6,73.0833,81.91,75,100,18.25,overcast clouds
253,Victor Harbor,AU,-35.5667,138.6167,65.8,89,98,4.0,overcast clouds
254,Seydi,TM,39.4816,62.9137,53.74,40,6,10.18,clear sky
255,Shiogama,JP,38.3167,141.0333,46.58,79,100,8.97,overcast clouds
256,Taltal,CL,-25.4,-70.4833,66.79,64,26,8.41,scattered clouds
257,Aksarka,RU,66.5606,67.7975,-9.11,99,94,3.36,overcast clouds
258,Pa Sang,TH,18.5262,98.9394,71.8,97,83,1.19,broken clouds
259,Sterling,US,39.0062,-77.4286,50.99,39,75,4.61,broken clouds
260,Astana,KZ,51.1801,71.446,22.95,93,90,11.18,heavy shower snow
261,Dergachi,RU,51.2328,48.7659,19.24,69,2,7.23,clear sky
262,Kavieng,PG,-2.5744,150.7967,82.24,73,17,12.24,few clouds
263,Saint George,US,37.1041,-113.5841,59.47,18,1,1.01,clear sky
264,Zhigansk,RU,66.7697,123.3711,-25.85,98,100,3.91,overcast clouds
265,Kyzyl-Suu,KG,42.3414,78.0056,30.96,47,6,7.2,clear sky
266,Kuala Terengganu,MY,5.3302,103.1408,77.45,86,100,7.25,moderate rain
267,Monte Plata,DO,18.807,-69.784,88.92,68,99,9.57,overcast clouds
268,Biak,ID,-0.9131,122.8766,76.39,83,100,1.79,overcast clouds
269,Tomohon,ID,1.3346,124.8392,67.14,91,100,2.04,overcast clouds
270,Mareeba,AU,-17.0,145.4333,74.44,95,89,1.81,overcast clouds
271,Jinchang,CN,38.4953,102.1739,33.39,17,0,4.32,clear sky
272,Dickinson,US,29.4608,-95.0513,77.22,70,75,4.0,broken clouds
273,Kuzino,RU,57.0224,59.4412,9.21,94,100,7.63,overcast clouds
274,Clyde River,CA,70.4692,-68.5914,8.83,85,97,19.57,overcast clouds
275,Dzhebariki-Khaya,RU,62.2167,135.8,-26.18,99,71,0.34,broken clouds
276,Salinopolis,BR,-0.6136,-47.3561,82.8,71,75,10.18,broken clouds
277,Marzuq,YE,14.4,46.4667,66.52,15,26,1.66,scattered clouds
278,Vaitape,PF,-16.5167,-151.75,80.74,74,9,7.23,clear sky
279,Constitucion,CL,-35.3333,-72.4167,61.68,71,12,11.65,few clouds
280,Naze,JP,28.3667,129.4833,57.47,64,9,4.7,clear sky
281,San Andres,CO,12.5847,-81.7006,84.22,74,75,12.66,broken clouds
282,Hofn,IS,64.2539,-15.2082,28.76,58,100,12.12,overcast clouds
283,Port-Gentil,GA,-0.7193,8.7815,79.93,83,100,12.77,light rain
284,Katangli,RU,51.7102,143.2326,33.4,88,100,13.53,light snow
285,Barra Patuca,HN,15.8,-84.2833,79.66,76,100,12.15,overcast clouds
286,Seoul,KR,37.5683,126.9778,42.31,56,66,3.56,broken clouds
287,Mao,ES,39.8885,4.2658,55.96,71,40,11.5,scattered clouds
288,Aguimes,ES,27.9054,-15.4461,66.83,78,20,5.75,few clouds
289,Kinablangan,PH,7.6947,126.5503,77.56,89,99,3.83,overcast clouds
290,Mongagua,BR,-24.0931,-46.6208,79.93,79,76,6.26,broken clouds
291,Castelo Do Piaui,BR,-5.3222,-41.5525,92.79,33,75,5.95,broken clouds
292,Nizwa,OM,22.9333,57.5333,74.32,31,5,3.24,clear sky
293,Rosita,NI,13.9268,-84.4032,83.52,58,95,5.7,overcast clouds
294,Vostok,RU,46.4856,135.8833,5.16,98,100,2.64,light snow
295,Meulaboh,ID,4.1363,96.1285,74.75,85,99,4.12,overcast clouds
296,Yuksekova,TR,37.5736,44.2872,35.15,87,99,3.87,overcast clouds
297,Dingle,PH,10.9995,122.6711,77.0,93,99,6.67,overcast clouds
298,General Roca,AR,-39.0333,-67.5833,93.6,14,100,5.44,overcast clouds
299,Rudbar,AF,30.15,62.6,60.03,29,0,3.09,clear sky
300,Thinadhoo,MV,0.5333,72.9333,81.95,75,100,18.16,overcast clouds
301,Namwala,ZM,-15.7504,26.4384,70.32,76,82,8.32,broken clouds
302,Fukue,JP,32.6881,128.8419,59.22,59,15,17.29,few clouds
303,Lesogorsk,RU,56.0458,99.5136,10.26,97,72,3.6,broken clouds
304,Kalemie,CD,-5.9475,29.1947,71.47,85,97,4.99,overcast clouds
305,Oyem,GA,1.5995,11.5793,71.71,84,92,2.17,overcast clouds
306,Stonewall,CA,50.1344,-97.3268,11.73,84,83,12.17,broken clouds
307,Arlit,NE,18.7369,7.3853,81.63,13,1,7.85,clear sky
308,Puerto Leguizamo,CO,-0.1934,-74.7819,83.32,79,96,2.93,overcast clouds
309,Sitka,US,57.0531,-135.33,44.49,70,90,18.41,moderate rain
310,Grand Gaube,MU,-20.0064,57.6608,76.37,72,22,3.0,few clouds
311,Hualmay,PE,-11.0964,-77.6139,70.47,73,80,10.69,broken clouds
312,Batagay-Alyta,RU,67.8006,130.4114,-24.92,88,84,3.74,broken clouds
313,Kristinehamn,SE,59.3098,14.1081,46.38,79,98,19.46,overcast clouds
314,Pleshanovo,RU,52.8333,53.4833,-0.99,100,79,5.06,broken clouds
315,Multan,PK,30.1956,71.4753,60.69,72,0,0.0,smoke
316,Luganville,VU,-15.5333,167.1667,78.03,81,91,7.96,overcast clouds
317,Dubbo,AU,-32.25,148.6167,68.13,88,75,8.05,broken clouds
318,Fenelon Falls,CA,44.5334,-78.7496,43.79,76,100,9.57,overcast clouds
319,Hailey,US,43.5196,-114.3153,38.89,47,1,8.05,clear sky
320,Albanel,CA,48.8832,-72.4487,27.84,68,2,5.53,clear sky
321,Hay River,CA,60.8156,-115.7999,1.24,93,31,7.61,scattered clouds
322,Belaya Gora,RU,68.5333,146.4167,-26.5,100,93,4.05,overcast clouds
323,Iguape,BR,-24.7081,-47.5553,73.53,69,32,8.95,scattered clouds
324,Kushima,JP,31.4583,131.2333,49.12,78,2,4.32,clear sky
325,Santa Vitoria Do Palmar,BR,-33.5189,-53.3681,80.1,32,0,7.83,clear sky
326,Dicabisagan,PH,17.0818,122.4157,76.62,89,64,3.24,broken clouds
327,Christiana,ZA,-27.914,25.1611,71.94,29,100,11.39,overcast clouds
328,Henties Bay,NA,-22.116,14.2845,59.86,84,79,3.94,broken clouds
329,Magole,TZ,-6.3667,37.3667,75.63,75,24,4.9,few clouds
330,Souillac,MU,-20.5167,57.5167,76.35,75,33,7.02,scattered clouds
331,Mitu,CO,1.1983,-70.1733,83.93,70,56,1.7,broken clouds
332,Arman,RU,59.7,150.1667,12.7,76,2,9.17,clear sky
333,Zhuhai,CN,22.2769,113.5678,67.05,63,0,8.05,clear sky
334,Lakes Entrance,AU,-37.8811,147.981,65.57,95,100,6.11,overcast clouds
335,Thabazimbi,ZA,-24.5917,27.4116,74.21,46,50,6.13,scattered clouds
336,Turukhansk,RU,65.8167,87.9833,8.37,94,100,9.33,light snow
337,Maldonado,UY,-34.6667,-54.9167,87.19,26,1,11.79,clear sky
338,Sebeta,ET,8.9167,38.6167,58.95,48,100,3.76,overcast clouds
339,Chardara,KZ,41.2547,67.9692,55.06,43,6,13.29,clear sky
340,Gigmoto,PH,13.7796,124.39,80.38,88,100,12.1,overcast clouds
341,Chuy,UY,-33.6971,-53.4616,79.5,34,0,8.5,clear sky
342,Am Timan,TD,11.0297,20.2827,79.92,19,18,3.67,few clouds
343,Genova,IT,44.5,9.0667,45.64,69,88,7.0,overcast clouds
344,Calabozo,VE,8.9242,-67.4293,88.12,54,100,1.25,overcast clouds
345,Oranjemund,NA,-28.55,16.4333,60.96,89,79,12.91,broken clouds
346,Nipawin,CA,53.3668,-104.0009,-1.64,84,13,5.68,few clouds
347,Limon,CR,10.0,-83.0333,82.29,69,0,11.5,clear sky
348,Pedasi,PA,7.5333,-80.0333,78.53,80,100,5.37,overcast clouds
349,Bandarbeyla,SO,9.4942,50.8122,80.69,61,74,14.45,broken clouds
350,Abalak,RU,58.1286,68.5944,8.71,97,99,5.77,overcast clouds
351,Nuuk,GL,64.1835,-51.7216,32.61,93,90,5.75,snow
352,Maceio,BR,-9.6658,-35.7353,85.44,65,0,14.97,clear sky
353,Vilaka,LV,57.1846,27.6722,36.75,95,100,6.64,overcast clouds
354,Zhezkazgan,KZ,47.8043,67.7144,37.2,80,100,9.42,light rain
355,Arroyo,ES,41.6096,-4.7969,38.71,93,75,0.0,fog
356,Adrar,MR,20.5022,-10.0711,81.23,27,100,5.66,overcast clouds
357,Plettenberg Bay,ZA,-34.0527,23.3716,59.23,78,12,9.57,few clouds
358,Kushmurun,KZ,52.4503,64.6311,2.25,95,100,4.23,overcast clouds
359,Bhag,PK,29.0415,67.8239,71.82,15,0,6.71,clear sky
360,Unity,CA,52.4501,-109.1682,8.26,83,99,9.22,overcast clouds
361,Varhaug,NO,58.6147,5.6457,46.89,70,100,18.54,overcast clouds
362,Half Moon Bay,US,37.4636,-122.4286,66.92,31,1,11.5,clear sky
363,Dong Hoi,VN,17.4833,106.6,64.47,81,91,10.54,overcast clouds
364,Trinidad,BO,-14.8333,-64.9,81.12,78,100,0.38,light rain
365,Port Hedland,AU,-20.3167,118.5667,82.45,24,100,11.5,overcast clouds
366,Hambantota,LK,6.1241,81.1185,77.94,85,100,4.14,overcast clouds
367,Calatayud,ES,41.3535,-1.6432,46.98,82,100,11.16,light rain
368,Huntington,US,38.4193,-82.4452,55.11,30,1,4.0,clear sky
369,Luderitz,NA,-26.6481,15.1594,61.97,79,0,14.9,clear sky
370,Lagoa,PT,39.05,-27.9833,63.63,77,62,34.58,broken clouds
371,Chumikan,RU,54.7183,135.315,18.3,95,100,8.48,snow
372,Bafq,IR,31.6128,55.4107,59.05,39,0,2.26,clear sky
373,Port Macquarie,AU,-31.4333,152.9167,71.49,100,90,9.22,light rain
374,Jalu,LY,29.0331,21.5482,69.35,31,0,6.22,clear sky
375,Sept-Iles,CA,50.2001,-66.3821,36.05,60,0,5.99,clear sky
376,Acapulco,MX,16.8634,-99.8901,85.82,74,40,8.05,scattered clouds
377,Mogadishu,SO,2.0371,45.3438,80.78,77,47,15.08,scattered clouds
378,Srandakan,ID,-7.9386,110.2506,78.13,88,100,2.86,light rain
379,Katsuura,JP,35.1333,140.3,46.51,69,0,10.51,clear sky
380,Laguna,US,38.421,-121.4238,66.42,44,1,4.0,clear sky
381,Kondoa,TZ,-4.9,35.7833,70.54,56,75,4.16,broken clouds
382,Grand-Santi,GF,4.25,-54.3833,83.37,65,100,2.01,light rain
383,Havre-Saint-Pierre,CA,50.2334,-63.5986,37.6,72,100,19.17,overcast clouds
384,Tilichiki,RU,60.4667,166.1,-1.44,97,56,6.91,broken clouds
385,Nishihara,JP,26.1842,127.7558,61.88,63,75,4.61,broken clouds
386,Avera,US,33.194,-82.5271,60.31,20,1,5.35,clear sky
387,Verkhnyaya Sinyachikha,RU,57.976,61.6673,13.32,88,66,8.95,broken clouds
388,Great Falls,US,47.5002,-111.3008,37.92,89,1,4.0,clear sky
389,Bonavista,CA,48.6499,-53.1147,46.11,98,100,22.21,overcast clouds
390,Puerto Penasco,MX,31.3167,-113.5333,72.91,71,100,5.01,overcast clouds
391,Agua Dulce,MX,18.1333,-94.1333,78.58,71,17,5.03,few clouds
392,Camopi,GF,3.1655,-52.3158,79.14,80,98,2.06,overcast clouds
393,Vila Velha,BR,-20.3297,-40.2925,78.75,82,40,8.01,scattered clouds
394,Ahipara,NZ,-35.1667,173.1667,61.59,83,89,2.59,overcast clouds
395,Karacakoy,TR,41.4029,28.3834,51.84,69,100,15.95,overcast clouds
396,Hvolsvollur,IS,63.7533,-20.2243,26.82,70,100,0.58,overcast clouds
397,Makakilo City,US,21.3469,-158.0858,80.92,58,1,4.61,clear sky
398,Talas,TR,38.6908,35.5538,43.47,81,75,13.8,broken clouds
399,Eureka,US,40.8021,-124.1637,59.2,71,88,3.94,overcast clouds
400,Lujan,AR,-34.5703,-59.105,94.68,15,2,12.3,clear sky
401,Vao,NC,-22.6667,167.4833,75.02,80,100,16.8,overcast clouds
402,Tautira,PF,-17.7333,-149.15,86.02,77,37,8.59,scattered clouds
403,Paamiut,GL,61.994,-49.6678,35.47,98,100,22.57,moderate rain
404,Sangar,RU,63.9242,127.4739,-20.4,96,100,0.54,overcast clouds
405,Mehriz,IR,31.5917,54.4318,48.7,36,0,3.24,clear sky
406,Huanren,CN,41.2647,125.3667,19.89,80,8,1.74,clear sky
407,La Palma,US,33.8464,-118.0467,78.71,54,1,1.01,clear sky
408,Miri,MY,4.4148,114.0089,77.4,88,100,4.5,overcast clouds
409,Santiago Del Estero,AR,-27.7951,-64.2615,88.97,44,98,17.76,overcast clouds
410,Oktyabrskoye,RU,43.0645,44.7417,30.34,100,100,4.47,light rain
411,Fare,PF,-16.7,-151.0167,80.73,73,9,6.98,clear sky
412,Wajima,JP,37.4,136.9,54.12,65,98,27.34,overcast clouds
413,Bedesa,ET,8.9,40.7833,62.28,34,83,4.05,broken clouds
414,Saint-Georges,GD,12.0564,-61.7485,81.79,76,100,9.22,overcast clouds
415,Baruun-Urt,MN,46.6806,113.2792,6.48,90,14,3.2,few clouds
416,Kytmanovo,RU,53.4593,85.4479,28.83,98,100,7.16,snow
417,Leh,IN,34.1667,77.5833,20.3,79,96,0.83,overcast clouds
418,Ginda,IN,30.6945,78.4932,46.04,30,0,6.82,clear sky
419,Sioux Lookout,CA,50.1001,-91.917,16.07,89,100,9.31,light snow
420,Mangla,PK,31.8931,72.3817,62.35,24,6,5.93,clear sky
421,Bereda,ES,43.2686,-7.5406,47.95,97,91,3.91,overcast clouds
422,Mezohegyes,HU,46.3167,20.8167,34.07,65,4,5.19,clear sky
423,Boa Vista,BR,2.8197,-60.6733,93.18,38,20,9.22,few clouds
424,Husavik,IS,66.0449,-17.3389,22.42,88,100,12.62,overcast clouds
425,Roald,NO,62.5833,6.1333,40.15,87,75,10.36,light intensity shower rain
426,Saint-Jean-De-Maurienne,FR,45.1667,6.5833,26.38,91,98,8.43,overcast clouds
427,Quimper,FR,48.0,-4.1,48.76,93,75,2.3,broken clouds
428,Semikarakorsk,RU,47.5194,40.8112,25.61,57,0,3.51,clear sky
429,Olafsvik,IS,64.8945,-23.7142,34.21,82,100,19.75,overcast clouds
430,Kibaya,TZ,-5.3,36.5667,67.3,61,77,3.22,broken clouds
431,Beloha,MG,-25.1667,45.05,68.68,75,93,5.55,overcast clouds
432,Betafo,MG,-19.8333,46.85,65.5,93,100,2.01,light rain
433,Sobolevo,RU,54.4299,31.8996,33.75,91,98,13.04,overcast clouds
434,Tres Arroyos,AR,-38.3739,-60.2798,93.72,19,48,11.43,scattered clouds
435,Faya,SA,18.3851,42.4509,55.92,48,13,4.16,few clouds
436,Abu Kamal,SY,34.4506,40.9171,61.56,50,29,8.63,scattered clouds
437,Andros Town,BS,24.7,-77.7667,73.36,64,100,19.51,overcast clouds
438,Tezu,IN,27.9167,96.1667,61.57,64,11,3.85,few clouds
439,Fairbanks,US,64.8378,-147.7164,-5.91,72,40,6.91,scattered clouds
440,Flin Flon,CA,54.7682,-101.865,2.86,62,19,8.81,few clouds
441,Itarema,BR,-2.9248,-39.9167,83.57,69,21,15.9,few clouds
442,Kundiawa,PG,-6.0167,144.9667,58.8,96,95,3.11,overcast clouds
443,Ugoofaaru,MV,5.6667,73.0,78.28,83,100,14.47,moderate rain
444,Kondinskoye,RU,59.6481,67.41,6.17,95,55,9.08,broken clouds
445,Dunedin,NZ,-45.8742,170.5036,58.44,69,100,1.28,overcast clouds
446,Klyuchi,RU,52.2667,79.1667,28.09,98,100,3.6,light snow
447,Comodoro Rivadavia,AR,-45.8667,-67.5,62.46,55,20,10.36,few clouds
448,Tabuleiro Do Norte,BR,-5.2467,-38.1306,90.91,45,90,13.13,overcast clouds
449,Sao Felix Do Xingu,BR,-6.6447,-51.995,92.23,46,76,2.8,broken clouds
450,Ambulu,ID,-8.345,113.6058,75.79,92,99,2.73,overcast clouds
451,Broken Hill,AU,-31.95,141.4333,64.42,96,100,12.39,light rain
452,La Primavera,CO,5.4906,-70.4092,75.58,87,100,6.08,overcast clouds
453,Roura,GF,4.7263,-52.3274,84.11,79,20,10.36,few clouds
454,Beringovskiy,RU,63.05,179.3167,-3.6,82,100,5.91,overcast clouds
455,Nyurba,RU,63.2842,118.3319,-4.13,91,100,4.72,overcast clouds
456,Yumen,CN,40.2833,97.2,28.29,30,3,12.46,clear sky
457,Madang,PG,-5.2246,145.7966,76.19,89,99,3.22,overcast clouds
458,Tawau,MY,4.2498,117.8871,77.74,90,100,5.53,overcast clouds
459,Quatre Cocos,MU,-20.2078,57.7625,76.08,76,24,8.72,few clouds
460,Tolaga Bay,NZ,-38.3667,178.3,58.95,62,49,2.91,scattered clouds
461,Ganzhou,CN,28.8184,115.4327,47.05,63,43,1.39,scattered clouds
462,Northam,GB,51.0333,-4.2167,46.09,91,100,1.14,overcast clouds
463,Porto Novo,BJ,6.4965,2.6036,84.02,80,99,7.36,overcast clouds
464,Ilhabela,BR,-23.7781,-45.3581,74.8,76,54,4.29,broken clouds
465,Udachnyy,RU,66.4167,112.4,-10.7,93,100,7.56,overcast clouds
466,Carutapera,BR,-1.195,-46.02,83.97,68,33,9.53,scattered clouds
467,Severnyy,RU,50.677,36.5532,28.44,74,75,11.18,broken clouds
468,Pokrovka,KG,42.3414,78.0056,30.96,47,6,7.2,clear sky
469,Anuchino,RU,43.9622,133.0544,15.03,90,100,4.85,overcast clouds
470,Zhanaozen,KZ,43.3,52.8,36.45,78,100,22.21,overcast clouds
471,Guarda,PT,40.5373,-7.2658,41.23,90,81,6.78,broken clouds
472,Kurilsk,RU,45.2333,147.8833,35.67,66,76,14.09,broken clouds
473,Maneromango,TZ,-7.1988,38.7848,70.92,98,18,4.27,few clouds
474,Gat,IL,31.61,34.7642,63.81,70,99,4.34,overcast clouds
475,Cortez,US,37.3489,-108.5859,49.68,36,1,11.5,clear sky
476,Kachug,RU,53.9606,105.8817,13.57,97,100,3.2,overcast clouds
477,Taitung,TW,22.7583,121.1444,68.97,77,59,6.98,broken clouds
478,Port Hardy,CA,50.6996,-127.4199,44.6,93,90,21.85,light rain
479,Ipojuca,BR,-8.3989,-35.0639,84.11,70,4,10.16,clear sky
480,Finnsnes,NO,69.2296,17.9811,24.76,96,100,5.59,overcast clouds
481,Luorong,CN,24.4058,109.6086,53.85,63,99,2.84,overcast clouds
482,Minas,UY,-34.3759,-55.2377,86.47,25,0,12.57,clear sky
483,Lata,PT,40.1629,-8.3327,54.01,90,3,3.85,clear sky
484,Ca Mau,VN,9.1769,105.15,75.65,90,99,6.91,overcast clouds
485,Ulladulla,AU,-35.35,150.4667,68.77,96,100,4.61,overcast clouds
486,Pacific Grove,US,36.6177,-121.9166,68.58,33,1,4.0,clear sky
487,Nome,US,64.5011,-165.4064,-5.73,65,1,0.0,clear sky
488,Korla,CN,41.7597,86.1469,27.68,59,8,2.57,clear sky
489,Saint-Leu,RE,-21.15,55.2833,76.06,76,2,8.41,clear sky
490,Port Blair,IN,11.6667,92.75,81.18,83,100,12.1,overcast clouds
491,Lazaro Cardenas,MX,17.9583,-102.2,83.93,68,5,7.87,clear sky
492,Karasburg,NA,-28.0167,18.75,75.49,18,73,7.38,broken clouds
493,Eenhana,NA,-17.4667,16.3333,76.96,17,0,5.88,clear sky
494,Huaiyin,CN,33.5886,119.0192,45.57,64,0,5.5,clear sky
495,Gamba,GA,-2.65,10.0,76.1,90,100,4.16,overcast clouds
496,Derzhavinsk,KZ,51.1,66.3167,19.53,95,100,9.24,light snow
497,Verkhoyansk,RU,67.5447,133.385,-41.3,100,55,0.69,broken clouds
498,Maryville,US,35.7565,-83.9705,58.68,37,75,1.99,broken clouds
499,Hengshui,CN,37.7322,115.7011,38.55,44,0,4.76,clear sky
500,Padang,ID,-0.9492,100.3543,78.06,71,100,2.3,overcast clouds
501,Umm Kaddadah,SD,13.6017,26.6876,69.42,14,3,12.08,clear sky
502,Hami,CN,42.8,93.45,26.02,67,12,2.8,few clouds
503,Vila Franca Do Campo,PT,37.7167,-25.4333,65.19,72,100,21.23,overcast clouds
504,Christchurch,NZ,-43.5333,172.6333,66.02,75,100,8.01,overcast clouds
505,Pregradnoye,RU,45.8218,41.7469,33.08,69,51,4.16,broken clouds
506,Otta,NO,61.7712,9.5353,32.23,96,99,1.66,overcast clouds
507,Chara,RU,56.9064,118.2631,-7.35,90,98,0.22,overcast clouds
508,Chekmagush,RU,55.1319,54.6556,12.7,91,99,12.1,overcast clouds
509,Eskil,TR,38.4017,33.4131,46.9,90,100,7.31,light rain
510,Inhambane,MZ,-23.865,35.3833,71.02,72,4,11.12,clear sky
511,Praia Da Vitoria,PT,38.7333,-27.0667,64.65,77,75,27.6,broken clouds
512,Mikhaylovka,RU,50.06,43.2379,20.7,62,5,8.77,clear sky
513,Kavali,IN,14.9167,79.9833,78.64,82,100,7.16,light rain
514,Prince Rupert,CA,54.3161,-130.3201,42.49,87,90,27.63,moderate rain
515,Miguelopolis,BR,-20.1794,-48.0319,93.02,36,100,6.53,overcast clouds
516,Road Town,VG,18.4167,-64.6167,84.29,70,20,4.61,few clouds
517,Bira,RU,49.0,132.4667,5.27,98,75,3.36,broken clouds
518,Urumqi,CN,43.801,87.6005,18.55,86,15,4.47,mist
519,Solwezi,ZM,-12.1688,26.3894,62.02,95,100,3.18,light rain
520,Newport,GB,51.5877,-2.9984,45.77,88,100,2.39,overcast clouds
521,Sabang,ID,5.8933,95.3214,77.45,81,100,10.76,overcast clouds
522,The Valley,AI,18.217,-63.0578,84.06,69,40,3.44,scattered clouds
523,Mayo,US,38.8876,-76.5119,51.22,45,1,1.99,clear sky
524,Quthing,LS,-30.4,27.7003,54.68,63,100,5.19,overcast clouds
525,Ola,RU,59.5833,151.2833,13.05,80,8,11.63,clear sky
526,Omsukchan,RU,62.5333,155.8,-5.87,98,100,5.14,overcast clouds
527,Angoram,PG,-4.0625,144.0661,72.84,99,100,1.68,overcast clouds
528,Hauterive,FR,46.0901,3.4459,39.96,88,100,0.96,overcast clouds
529,Kudahuvadhoo,MV,2.6708,72.8944,81.59,71,100,19.28,overcast clouds
530,Price,US,39.5994,-110.8107,43.86,22,75,11.5,broken clouds
531,Biskamzha,RU,53.4497,89.5272,19.45,97,100,2.73,light snow
532,Kismayo,SO,-0.3582,42.5454,79.52,83,64,10.54,broken clouds
533,Mildura,AU,-34.2,142.15,69.76,88,90,6.91,overcast clouds
534,Necochea,AR,-38.5473,-58.7368,80.04,41,6,11.59,clear sky
535,Oparino,RU,59.8518,48.2783,16.9,95,100,8.16,overcast clouds
536,Charters Towers,AU,-20.1,146.2667,76.5,78,98,8.1,overcast clouds
537,Villafranca De Los Barros,ES,38.5614,-6.3381,46.24,84,27,8.39,scattered clouds
538,Chapais,CA,49.7834,-74.8492,26.38,82,53,8.21,broken clouds
539,Naruto,JP,34.1833,134.6167,55.42,81,40,9.22,scattered clouds
540,Ciudad Bolivar,VE,8.1222,-63.5497,90.48,46,88,6.93,overcast clouds
541,Sechura,PE,-5.5569,-80.8222,74.98,63,94,13.4,overcast clouds
542,Lingyuan,CN,41.24,119.4011,26.82,59,0,2.13,clear sky
543,Tanete,ID,-3.9443,119.7848,75.69,93,100,1.81,overcast clouds
544,Kedrovyy,RU,56.1667,91.8167,21.61,80,100,6.04,overcast clouds
545,Okha,RU,53.5739,142.9478,29.35,91,77,5.12,broken clouds
546,Salta,AR,-24.7859,-65.4117,80.89,65,75,1.99,broken clouds
547,Atherton,GB,53.5237,-2.4935,45.95,80,100,1.99,overcast clouds
548,Atraulia,IN,26.3333,82.95,63.68,51,0,3.44,clear sky
549,Ares,BR,-6.1944,-35.1603,84.74,72,8,12.95,clear sky
550,Lamu,KE,-2.2717,40.902,82.62,86,86,10.78,overcast clouds
551,Vysokogornyy,RU,50.1167,139.15,15.13,95,100,3.15,light snow
552,Callaway,US,30.153,-85.5699,67.96,40,75,3.0,broken clouds
553,Taoudenni,ML,22.6783,-3.9836,83.08,30,100,7.72,overcast clouds
554,Tauranga,NZ,-37.6861,176.1667,62.33,60,90,3.0,overcast clouds
555,Sibolga,ID,1.7427,98.7792,75.29,80,85,3.33,overcast clouds
556,Cervo,ES,43.6702,-7.4101,51.96,75,70,10.38,broken clouds
557,Bridgetown,BB,13.1,-59.6167,84.69,74,40,13.8,scattered clouds
558,Sembabule,UG,-0.0772,31.4567,65.01,83,25,4.47,scattered clouds
559,Baoying,CN,33.2292,119.3092,46.13,72,0,6.53,clear sky
560,Hamilton,US,39.1834,-84.5333,55.74,41,1,1.99,clear sky
561,Zhanakorgan,KZ,43.9098,67.2495,47.1,47,21,14.09,few clouds
562,Inta,RU,66.0317,60.1659,10.81,94,100,16.26,overcast clouds
563,Homer,US,59.6425,-151.5483,21.07,73,75,5.75,broken clouds
564,Sovetskaya Gavan,RU,48.9723,140.2878,22.73,73,84,4.79,broken clouds
565,Santa Ana,US,33.7456,-117.8678,78.62,49,1,1.99,clear sky
566,Cockburn Town,TC,21.4612,-71.1419,79.74,64,100,18.37,overcast clouds
567,Mount Gambier,AU,-37.8333,140.7667,55.29,92,35,7.36,scattered clouds
568,Legnago,IT,45.1832,11.3091,43.86,56,3,5.7,clear sky
569,Divnogorsk,RU,55.9594,92.3619,23.49,81,100,5.39,overcast clouds
570,Aldine,US,29.9324,-95.3802,77.38,70,90,8.99,overcast clouds
571,Motril,ES,36.7507,-3.5179,54.27,58,12,11.21,few clouds
572,Calabar,NG,4.9517,8.322,76.91,92,97,4.09,overcast clouds
573,Rawson,AR,-43.3002,-65.1023,69.03,51,20,19.01,few clouds
574,Champerico,GT,14.3,-91.9167,91.94,68,54,6.89,broken clouds
575,Atasu,KZ,48.6814,71.6433,35.74,74,100,14.32,light rain
576,Kharan,PK,28.5833,65.4167,64.54,26,0,3.87,clear sky
577,Palasa,IN,18.7667,84.4167,74.14,89,99,3.74,overcast clouds
578,Provideniya,RU,64.3833,-173.3,2.55,79,83,4.41,broken clouds
579,Ljungby,SE,56.8332,13.9408,44.38,89,100,11.23,overcast clouds
580,Saiha,IN,22.4833,92.9667,58.98,73,0,3.62,clear sky
581,Skibbereen,IE,51.55,-9.2667,39.0,76,9,12.97,clear sky
582,Tubuala,PA,9.5167,-79.0333,82.51,73,63,7.25,broken clouds
583,Tulun,RU,54.5611,100.5792,7.07,95,20,3.58,few clouds
584,Keti Bandar,PK,24.1447,67.4497,75.49,77,4,8.05,clear sky
585,Gisborne,NZ,-38.6533,178.0042,60.94,64,15,1.66,few clouds
586,Wanning,CN,18.8003,110.3967,64.98,84,37,10.56,scattered clouds
587,Kiunga,PG,-6.1219,141.2906,73.94,100,100,1.41,overcast clouds
588,Tessalit,ML,20.1986,1.0114,78.71,29,48,8.68,scattered clouds
589,Narrabri,AU,-30.3167,149.7833,73.49,73,75,18.41,light rain
590,Surt,LY,31.2089,16.5887,69.04,72,51,15.75,broken clouds
591,Tumut,AU,-35.3,148.2167,65.39,94,99,3.4,moderate rain
592,Mukhen,RU,48.1,136.1,8.94,95,99,3.15,light snow
593,Nhulunbuy,AU,-12.2333,136.7667,79.41,83,99,5.75,overcast clouds
594,Semirom,IR,31.4167,51.5667,37.63,49,51,2.98,broken clouds
595,Beaverlodge,CA,55.2166,-119.4361,6.15,87,100,4.65,overcast clouds
596,Kaniama,CD,-7.5667,24.1833,67.68,91,100,1.66,overcast clouds
597,Jos,NG,9.9167,8.9,70.5,29,100,2.91,overcast clouds
598,Yala,TH,6.3333,101.25,73.98,99,100,2.17,overcast clouds
599,Nabire,ID,-3.3667,135.4833,75.11,91,99,2.42,overcast clouds
600,Arica,CL,-18.475,-70.3042,74.75,68,0,12.66,clear sky
601,Harper,LR,4.375,-7.7169,80.02,83,62,6.96,broken clouds
602,La Orilla,MX,17.9833,-102.2333,83.98,67,6,8.39,clear sky
603,Felanitx,ES,39.4696,3.1483,54.12,68,17,11.68,few clouds
604,Yeysk,RU,46.6989,38.2792,33.73,57,3,4.36,clear sky
605,Kosum Phisai,TH,16.2486,103.0674,69.1,72,100,5.82,overcast clouds
606,Pucara,PE,-15.9803,-71.4606,39.33,91,100,7.23,overcast clouds
607,Saint Anthony,US,45.0205,-93.218,48.4,58,1,7.0,clear sky
608,Teseney,ER,15.11,36.6575,79.57,36,0,7.49,clear sky
609,Kungurtug,RU,50.5994,97.5228,9.37,95,51,2.13,broken clouds
610,Martil,MA,35.6166,-5.2752,59.07,82,75,10.36,broken clouds
611,Little Chute,US,44.28,-88.3184,50.58,59,75,4.0,broken clouds
612,Imeni Poliny Osipenko,RU,52.4201,136.4853,18.54,96,100,3.18,light snow
613,Papayal,PE,-4.0761,-80.7361,79.59,56,91,6.15,overcast clouds
614,Greenville,US,35.6127,-77.3663,52.99,37,1,3.44,clear sky
615,Zlobin,HR,45.2924,14.6541,34.16,70,3,5.19,clear sky
616,Mongo,TD,12.1844,18.693,79.38,15,92,5.77,overcast clouds
617,Basoko,CD,1.2391,23.616,76.64,73,29,1.66,scattered clouds
618,Geraldton,AU,-28.7667,114.6,57.61,72,0,6.91,clear sky
619,Joshimath,IN,30.5667,79.5667,47.17,37,0,5.55,clear sky
620,Solnechnyy,RU,50.7214,136.6319,19.45,94,100,7.2,light snow
621,Moree,AU,-29.4667,149.85,69.82,83,75,18.41,light rain
622,Walvis Bay,NA,-22.9575,14.5053,60.1,88,51,9.22,broken clouds
623,At-Bashi,KG,41.1702,75.8106,21.18,52,52,2.48,broken clouds
624,Tehachapi,US,35.1322,-118.449,58.41,19,1,11.01,clear sky
625,Gamboma,CG,-1.8764,15.8644,72.16,93,90,1.21,overcast clouds
626,Nombre De Dios,MX,23.85,-104.2333,76.55,24,62,13.15,broken clouds
627,Ucluelet,CA,48.9329,-125.5528,47.08,91,100,1.99,overcast clouds
628,Bambanglipuro,ID,-7.95,110.2833,77.88,88,100,2.86,overcast clouds
629,Omboue,GA,-1.5746,9.2618,77.07,89,100,5.1,overcast clouds
630,Pemba,MZ,-12.974,40.5178,81.0,78,13,14.94,few clouds
631,Olinda,BR,-8.0089,-34.8553,83.93,70,40,8.05,scattered clouds
632,Altayskoye,RU,51.9533,85.3325,36.27,72,100,7.38,overcast clouds
633,Sembe,CG,1.6481,14.5806,73.13,81,45,2.24,scattered clouds
634,Norden,DE,53.6,7.2,44.91,90,100,13.35,overcast clouds
635,Valer,NO,60.6785,11.8331,39.7,93,100,3.65,overcast clouds
636,Westport,US,41.1415,-73.3579,46.22,38,1,4.0,clear sky
637,Pastos Bons,BR,-6.6017,-44.0767,81.28,67,100,3.27,overcast clouds
638,Sjovegan,NO,68.8726,17.8474,22.14,89,100,7.09,overcast clouds
639,Kaz,RU,52.9113,87.3105,26.11,90,100,4.23,overcast clouds
640,The Pas,CA,53.8251,-101.2541,1.42,71,1,10.36,clear sky
641,Tevaitoa,PF,-16.7833,-151.5,80.73,74,2,7.4,clear sky
642,Baykit,RU,61.67,96.37,8.42,99,98,2.15,overcast clouds
643,Ponta Delgada,PT,37.7333,-25.6667,65.5,77,75,16.11,broken clouds
644,Yerkoy,TR,39.6381,34.4672,42.96,88,100,7.58,light rain
645,Batemans Bay,AU,-35.7167,150.1833,72.19,95,100,2.91,overcast clouds
646,Ayorou,NE,14.7308,0.9174,85.71,14,1,8.9,clear sky
647,Akyab,MM,20.15,92.9,74.79,69,5,6.33,clear sky
648,Deep River,CA,46.1001,-77.4995,44.44,55,66,7.27,broken clouds
649,Peniche,PT,39.3558,-9.3811,55.96,74,85,23.78,overcast clouds
650,Grenfell,AU,-33.9,148.1667,62.96,92,100,4.27,overcast clouds
651,Byron Bay,AU,-28.65,153.6167,72.05,91,100,9.57,moderate rain
652,Tucuman,AR,-26.8241,-65.2226,82.4,61,75,6.91,broken clouds
653,Chenghai,CN,23.4632,116.768,55.31,94,0,0.0,clear sky
654,Koraput,IN,18.8167,82.7167,64.58,93,99,3.58,overcast clouds
655,Przhevalskoye,RU,55.5093,31.8482,34.23,92,90,10.09,overcast clouds
656,Beian,NO,63.6559,9.5683,41.0,93,75,16.11,light intensity shower rain
657,Hwange,ZW,-18.3693,26.5019,79.9,15,100,7.63,overcast clouds
658,Aleppo,SY,36.25,37.5,58.77,55,47,6.69,scattered clouds
659,London,GB,51.5085,-0.1257,44.69,86,90,3.44,overcast clouds
660,Ivankiv,UA,50.9386,29.8943,37.63,74,100,7.45,overcast clouds
661,Slavuta,UA,50.3016,26.8651,39.7,62,100,6.15,overcast clouds
662,Borba,BR,-4.3878,-59.5939,88.21,61,100,2.35,overcast clouds
663,Snezhnogorsk,RU,69.1933,33.2531,1.18,88,92,3.56,overcast clouds
664,Papara,BR,-3.9839,-38.7273,83.71,56,70,8.12,broken clouds
665,Lasa,IT,46.6166,10.7002,38.28,79,2,2.13,clear sky
666,Juba,SS,4.8517,31.5825,82.76,34,1,2.82,clear sky
667,Port Augusta,AU,-32.5,137.7667,67.71,87,100,16.08,overcast clouds
668,Odweyne,SO,9.4092,45.064,70.05,33,2,13.27,clear sky
669,Mount Isa,AU,-20.7333,139.5,67.77,77,90,5.75,overcast clouds
670,Goderich,CA,43.7501,-81.7165,46.9,53,100,18.41,overcast clouds
671,Tomatlan,MX,19.9333,-105.25,91.49,31,5,4.92,clear sky
672,Porto Nacional,BR,-10.7081,-48.4172,91.4,70,98,2.53,overcast clouds
673,Oranjestad,AW,12.524,-70.027,84.15,74,75,12.66,broken clouds
674,Trairi,BR,-3.2778,-39.2689,83.07,72,69,13.8,broken clouds
675,Whitianga,NZ,-36.8333,175.7,67.01,86,100,5.48,overcast clouds
676,Kupang,ID,-10.1667,123.5833,80.55,79,100,2.15,overcast clouds
677,Luanda,AO,-8.8368,13.2343,78.8,78,40,9.22,scattered clouds
678,Salalah,OM,17.0151,54.0924,80.69,89,0,5.75,clear sky
679,Qaqortoq,GL,60.7167,-46.0333,32.5,97,100,22.79,snow
680,Kirovskiy,RU,45.0917,133.5136,14.18,96,100,3.58,light snow
681,Ushtobe,KZ,45.2514,77.9838,40.82,62,64,4.85,broken clouds
